Code point,Rank 1,Rank 2,Unicode name,C47 usage,Glyph,Glyph,Replacement code point,Replacement,,Comments
U+0020,1,1,SPACE,Space, , ,U+0020, ,,This table must be sorted in the order of the ‘Code Point’ column.
U+0021,536,536,EXCLAMATION MARK,Exclamation mark,!,!,U+0021,!,,Each code point in column ‘Code Point’ must be unique.
U+0022,550,550,QUOTATION MARK,Quotation mark,"""","""",U+0022,"""",,
U+0023,654,654,NUMBER SIGN,Number sign,#,#,U+0023,#,,"Only the first 3 columns A, B, C and also H are important for"
U+0024,614,615,DOLLAR SIGN,Dollar,$,$,U+0025,%,,generating the CSV file and should not be changed.
U+0025,614,614,PERCENT SIGN,Percent,%,%,U+0025,%,,The other columns are only informational.
U+0026,594,594,AMPERSAND,Ampersand,&,&,U+0026,&,,
U+0027,544,544,APOSTROPHE,Apostrophe,',',U+0027,',,Column ‘Replacement code point’ determines the group to which the
U+0028,494,494,LEFT PARENTHESIS,Left parenthesis,(,(,U+0028,(,,glyph belongs. You can get a better idea of this by sorting the
U+0029,494,495,RIGHT PARENTHESIS,Right parenthesis,),),U+0028,(,,table in the order of ‘Rank 1’.
U+002a,519,523,ASTERISK,Asterisk,*,*,U+00d7,×,,
U+002b,510,510,PLUS SIGN,Plus,+,+,U+002b,+,,"To change the sorting order, add or remove a code point:"
U+002c,528,528,COMMA,Comma,",",",",U+002c,",",, - sort the table in the order of the ‘Rank 2’ column
U+002d,514,514,HYPHEN-MINUS,Minus,-,-,U+002d,-,," - change the order, insert or delete the glyph(s)"
U+002e,531,531,FULL STOP,Full stop,.,.,U+002e,.,, - renumber the ‘Rank 2’ column from 1 to n
U+002f,525,525,SOLIDUS,Slash,/,/,U+002f,/,, - sort the table in the order of the ‘Point code’ column
U+0030,11,11,DIGIT ZERO,Digit 0,0,0,U+0030,0,,
U+0031,18,18,DIGIT ONE,Digit 1,1,1,U+0031,1,,"When adding a glyph, it’s mandatory to:"
U+0032,25,25,DIGIT TWO,Digit 2,2,2,U+0032,2,,"duplicate the (yellow) formula in column B: ‘Rank 1’, and "
U+0033,29,29,DIGIT THREE,Digit 3,3,3,U+0033,3,,also do the (yellow) formulae in F-G: ‘Glyph’ and I: ‘Replacement’.
U+0034,34,34,DIGIT FOUR,Digit 4,4,4,U+0034,4,,
U+0035,38,38,DIGIT FIVE,Digit 5,5,5,U+0035,5,,Do not change the sheet name (sortingOrder)
U+0036,42,42,DIGIT SIX,Digit 6,6,6,U+0036,6,,
U+0037,46,46,DIGIT SEVEN,Digit 7,7,7,U+0037,7,,
U+0038,50,50,DIGIT EIGHT,Digit 8,8,8,U+0038,8,,
U+0039,54,54,DIGIT NINE,Digit 9,9,9,U+0039,9,,
U+003a,540,540,COLON,Colon,:,:,U+003a,:,,
U+003b,543,543,SEMICOLON,Semicolon,;,;,U+003b,;,,
U+003c,600,601,LESS-THAN SIGN,Less than,<,<,U+226a,≪,,
U+003d,600,605,EQUALS SIGN,Equal,=,=,U+226a,≪,,
U+003e,600,612,GREATER-THAN SIGN,Greater than,>,>,U+226a,≪,,
U+003f,538,538,QUESTION MARK,Question mark,?,?,U+003f,?,,
U+0040,557,557,COMMERCIAL AT,At,@,@,U+0040,@,,
U+0041,66,66,LATIN CAPITAL LETTER A,A,A,A,U+0041,A,,
U+0042,92,92,LATIN CAPITAL LETTER B,B,B,B,U+0042,B,,
U+0043,98,98,LATIN CAPITAL LETTER C,C,C,C,U+0043,C,,
U+0044,113,113,LATIN CAPITAL LETTER D,D,D,D,U+0044,D,,
U+0045,126,126,LATIN CAPITAL LETTER E,E,E,E,U+0045,E,,
U+0046,152,152,LATIN CAPITAL LETTER F,F,F,F,U+0046,F,,
U+0047,161,161,LATIN CAPITAL LETTER G,G,G,G,U+0047,G,,
U+0048,171,171,LATIN CAPITAL LETTER H,H,H,H,U+0048,H,,
U+0049,181,181,LATIN CAPITAL LETTER I,I,I,I,U+0049,I,,
U+004a,205,205,LATIN CAPITAL LETTER J,J,J,J,U+004a,J,,
U+004b,213,213,LATIN CAPITAL LETTER K,K,K,K,U+004b,K,,
U+004c,220,220,LATIN CAPITAL LETTER L,L,L,L,U+004c,L,,
U+004d,233,233,LATIN CAPITAL LETTER M,M,M,M,U+004d,M,,
U+004e,239,239,LATIN CAPITAL LETTER N,N,N,N,U+004e,N,,
U+004f,253,253,LATIN CAPITAL LETTER O,O,O,O,U+004f,O,,
U+0050,278,278,LATIN CAPITAL LETTER P,P,P,P,U+0050,P,,
U+0051,284,284,LATIN CAPITAL LETTER Q,Q,Q,Q,U+0051,Q,,
U+0052,291,291,LATIN CAPITAL LETTER R,R,R,R,U+0052,R,,
U+0053,303,303,LATIN CAPITAL LETTER S,S,S,S,U+0053,S,,
U+0054,316,316,LATIN CAPITAL LETTER T,T,T,T,U+0054,T,,
U+0055,330,330,LATIN CAPITAL LETTER U,U,U,U,U+0055,U,,
U+0056,356,356,LATIN CAPITAL LETTER V,V,V,V,U+0056,V,,
U+0057,364,364,LATIN CAPITAL LETTER W,W,W,W,U+0057,W,,
U+0058,373,373,LATIN CAPITAL LETTER X,X,X,X,U+0058,X,,
U+0059,384,384,LATIN CAPITAL LETTER Y,Y,Y,Y,U+0059,Y,,
U+005a,399,399,LATIN CAPITAL LETTER Z,Z,Z,Z,U+005a,Z,,
U+005b,496,496,LEFT SQUARE BRACKET,Left square bracket,[,[,U+005b,[,,
U+005c,525,526,REVERSE SOLIDUS,Back slash,\,\,U+002f,/,,
U+005d,496,500,RIGHT SQUARE BRACKET,Right square bracket,],],U+005b,[,,
U+005e,527,527,CIRCUMFLEX ACCENT,Circumplex accent,^,^,U+005e,^,,
U+005f,558,558,LOW LINE,Underscore,_,_,U+005f,_,,
U+0061,66,67,LATIN SMALL LETTER A,a,a,a,U+0041,A,,
U+0062,92,93,LATIN SMALL LETTER B,b,b,b,U+0042,B,,
U+0063,98,99,LATIN SMALL LETTER C,c,c,c,U+0043,C,,
U+0064,113,114,LATIN SMALL LETTER D,d,d,d,U+0044,D,,
U+0065,126,127,LATIN SMALL LETTER E,e,e,e,U+0045,E,,
U+0066,152,153,LATIN SMALL LETTER F,f,f,f,U+0046,F,,
U+0067,161,162,LATIN SMALL LETTER G,g,g,g,U+0047,G,,
U+0068,171,172,LATIN SMALL LETTER H,h,h,h,U+0048,H,,
U+0069,181,182,LATIN SMALL LETTER I,i,i,i,U+0049,I,,
U+006a,205,206,LATIN SMALL LETTER J,j,j,j,U+004a,J,,
U+006b,213,214,LATIN SMALL LETTER K,k,k,k,U+004b,K,,
U+006c,220,221,LATIN SMALL LETTER L,l,l,l,U+004c,L,,
U+006d,233,234,LATIN SMALL LETTER M,m,m,m,U+004d,M,,
U+006e,239,240,LATIN SMALL LETTER N,n,n,n,U+004e,N,,
U+006f,253,254,LATIN SMALL LETTER O,o,o,o,U+004f,O,,
U+0070,278,279,LATIN SMALL LETTER P,p,p,p,U+0050,P,,
U+0071,284,285,LATIN SMALL LETTER Q,q,q,q,U+0051,Q,,
U+0072,291,292,LATIN SMALL LETTER R,r,r,r,U+0052,R,,
U+0073,303,304,LATIN SMALL LETTER S,s,s,s,U+0053,S,,
U+0074,316,317,LATIN SMALL LETTER T,t,t,t,U+0054,T,,
U+0075,330,331,LATIN SMALL LETTER U,u,u,u,U+0055,U,,
U+0076,356,357,LATIN SMALL LETTER V,v,v,v,U+0056,V,,
U+0077,364,365,LATIN SMALL LETTER W,w,w,w,U+0057,W,,
U+0078,373,374,LATIN SMALL LETTER X,x,x,x,U+0058,X,,
U+0079,384,385,LATIN SMALL LETTER Y,y,y,y,U+0059,Y,,
U+007a,399,400,LATIN SMALL LETTER Z,z,z,z,U+005a,Z,,
U+007b,504,504,LEFT CURLY BRACKET,Left curly bracket,{,{,U+007b,{,,
U+007c,595,595,VERTICAL LINE,Pipe,|,|,U+007c,|,,
U+007d,504,505,RIGHT CURLY BRACKET,Right curly bracket,},},U+007b,{,,
U+007e,560,560,TILDE,Tilde,~,~,U+007e,~,,
U+007f,11,16,not defined by unicode,0 double stroke,,,U+0030,0,,
U+00a1,536,537,INVERTED EXCLAMATION MARK,Inverted exclamation mark,¡,¡,U+0021,!,,
U+00a2,614,617,CENT SIGN,Cent,¢,¢,U+0025,%,,
U+00a3,614,618,POUND SIGN,Pound,£,£,U+0025,%,,
U+00a5,614,619,YEN SIGN,Yen,¥,¥,U+0025,%,,
U+00a7,614,620,SECTION SIGN,Section,§,§,U+0025,%,,
U+00a9,253,257,COPYRIGHT SIGN,Overflow Carry,©,©,U+004f,O,,
U+00ab,550,555,LEFT-POINTING DOUBLE ANGLE QUOTATION MARK,Left French quotation mark,«,«,U+0022,"""",,
U+00ac,588,588,NOT SIGN,Not,¬,¬,U+00ac,¬,,
U+00b0,11,13,DEGREE SIGN,Degree sign,°,°,U+0030,0,,
U+00b1,510,513,PLUS-MINUS SIGN,Plus-minus,±,±,U+002b,+,,
U+00b5,448,450,MICRO SIGN,mu,µ,µ,U+039c,Μ,,
U+00b7,519,520,MIDDLE DOT,Middle dot,·,·,U+00d7,×,,
U+00bb,550,556,RIGHT-POINTING DOUBLE ANGLE QUOTATION MARK,Right French quotation mark,»,»,U+0022,"""",,
U+00bc,18,21,VULGAR FRACTION ONE QUARTER,Fraction 1/4,¼,¼,U+0031,1,,
U+00bd,18,20,VULGAR FRACTION ONE HALF,Fraction 1/2,½,½,U+0031,1,,
U+00bf,538,539,INVERTED QUESTION MARK,Inverted question mark,¿,¿,U+003f,?,,
U+00c0,66,72,LATIN CAPITAL LETTER A WITH GRAVE,A grave,À,À,U+0041,A,,
U+00c1,66,74,LATIN CAPITAL LETTER A WITH ACUTE,A accute,Á,Á,U+0041,A,,
U+00c2,66,76,LATIN CAPITAL LETTER A WITH CIRCUMFLEX,A circumflex,Â,Â,U+0041,A,,
U+00c3,66,78,LATIN CAPITAL LETTER A WITH TILDE,A tilde,Ã,Ã,U+0041,A,,
U+00c4,66,80,LATIN CAPITAL LETTER A WITH DIAERESIS,A diaresis,Ä,Ä,U+0041,A,,
U+00c5,66,82,LATIN CAPITAL LETTER A WITH RING ABOVE,A ring,Å,Å,U+0041,A,,
U+00c6,66,84,LATIN CAPITAL LETTER AE,AE,Æ,Æ,U+0041,A,,
U+00c7,98,104,LATIN CAPITAL LETTER C WITH CEDILLA,C cedilla,Ç,Ç,U+0043,C,,
U+00c8,126,132,LATIN CAPITAL LETTER E WITH GRAVE,E grave,È,È,U+0045,E,,
U+00c9,126,134,LATIN CAPITAL LETTER E WITH ACUTE,E accute,É,É,U+0045,E,,
U+00ca,126,136,LATIN CAPITAL LETTER E WITH CIRCUMFLEX,E circumflex,Ê,Ê,U+0045,E,,
U+00cb,126,138,LATIN CAPITAL LETTER E WITH DIAERESIS,E diaresis,Ë,Ë,U+0045,E,,
U+00cc,181,187,LATIN CAPITAL LETTER I WITH GRAVE,I grave,Ì,Ì,U+0049,I,,
U+00cd,181,189,LATIN CAPITAL LETTER I WITH ACUTE,I accute,Í,Í,U+0049,I,,
U+00ce,181,191,LATIN CAPITAL LETTER I WITH CIRCUMFLEX,I circumflex,Î,Î,U+0049,I,,
U+00cf,181,193,LATIN CAPITAL LETTER I WITH DIAERESIS,I diaresis,Ï,Ï,U+0049,I,,
U+00d0,113,119,LATIN CAPITAL LETTER ETH,ETH,Ð,Ð,U+0044,D,,
U+00d1,239,245,LATIN CAPITAL LETTER N WITH TILDE,N tilde,Ñ,Ñ,U+004E,N,,
U+00d2,253,260,LATIN CAPITAL LETTER O WITH GRAVE,O grave,Ò,Ò,U+004f,O,,
U+00d3,253,262,LATIN CAPITAL LETTER O WITH ACUTE,O accute,Ó,Ó,U+004f,O,,
U+00d4,253,264,LATIN CAPITAL LETTER O WITH CIRCUMFLEX,O circumflex,Ô,Ô,U+004f,O,,
U+00d5,253,266,LATIN CAPITAL LETTER O WITH TILDE,O tilde,Õ,Õ,U+004f,O,,
U+00d6,253,268,LATIN CAPITAL LETTER O WITH DIAERESIS,O diaresis,Ö,Ö,U+004f,O,,
U+00d7,519,519,MULTIPLICATION SIGN,Cross,×,×,U+00d7,×,,
U+00d8,253,270,LATIN CAPITAL LETTER O WITH STROKE,O stroke,Ø,Ø,U+004f,O,,
U+00d9,330,336,LATIN CAPITAL LETTER U WITH GRAVE,U grave,Ù,Ù,U+0055,U,,
U+00da,330,338,LATIN CAPITAL LETTER U WITH ACUTE,U accute,Ú,Ú,U+0055,U,,
U+00db,330,340,LATIN CAPITAL LETTER U WITH CIRCUMFLEX,U circumflex,Û,Û,U+0055,U,,
U+00dc,330,342,LATIN CAPITAL LETTER U WITH DIAERESIS,U diaresis,Ü,Ü,U+0055,U,,
U+00dd,384,390,LATIN CAPITAL LETTER Y WITH ACUTE,Y accute,Ý,Ý,U+0059,Y,,
U+00df,303,315,LATIN SMALL LETTER SHARP S,sz,ß,ß,U+0053,S,,
U+00e0,66,73,LATIN SMALL LETTER A WITH GRAVE,a grave,à,à,U+0041,A,,
U+00e1,66,75,LATIN SMALL LETTER A WITH ACUTE,a accute,á,á,U+0041,A,,
U+00e2,66,77,LATIN SMALL LETTER A WITH CIRCUMFLEX,a circumflex,â,â,U+0041,A,,
U+00e3,66,79,LATIN SMALL LETTER A WITH TILDE,a tilde,ã,ã,U+0041,A,,
U+00e4,66,81,LATIN SMALL LETTER A WITH DIAERESIS,a diaresis,ä,ä,U+0041,A,,
U+00e5,66,83,LATIN SMALL LETTER A WITH RING ABOVE,a ring,å,å,U+0041,A,,
U+00e6,66,85,LATIN SMALL LETTER AE,ae,æ,æ,U+0041,A,,
U+00e7,98,105,LATIN SMALL LETTER C WITH CEDILLA,c cedilla,ç,ç,U+0043,C,,
U+00e8,126,133,LATIN SMALL LETTER E WITH GRAVE,e grave,è,è,U+0045,E,,
U+00e9,126,135,LATIN SMALL LETTER E WITH ACUTE,e accute,é,é,U+0045,E,,
U+00ea,126,137,LATIN SMALL LETTER E WITH CIRCUMFLEX,e circumflex,ê,ê,U+0045,E,,
U+00eb,126,139,LATIN SMALL LETTER E WITH DIAERESIS,e diaresis,ë,ë,U+0045,E,,
U+00ec,181,188,LATIN SMALL LETTER I WITH GRAVE,i grave,ì,ì,U+0049,I,,
U+00ed,181,190,LATIN SMALL LETTER I WITH ACUTE,i accute,í,í,U+0049,I,,
U+00ee,181,192,LATIN SMALL LETTER I WITH CIRCUMFLEX,i circumflex,î,î,U+0049,I,,
U+00ef,181,194,LATIN SMALL LETTER I WITH DIAERESIS,i diaresis,ï,ï,U+0049,I,,
U+00f0,113,120,LATIN SMALL LETTER ETH,eth,ð,ð,U+0044,D,,
U+00f1,239,246,LATIN SMALL LETTER N WITH TILDE,n tilde,ñ,ñ,U+004E,N,,
U+00f2,253,261,LATIN SMALL LETTER O WITH GRAVE,o grave,ò,ò,U+004f,O,,
U+00f3,253,263,LATIN SMALL LETTER O WITH ACUTE,o accute,ó,ó,U+004f,O,,
U+00f4,253,265,LATIN SMALL LETTER O WITH CIRCUMFLEX,o circumflex,ô,ô,U+004f,O,,
U+00f5,253,267,LATIN SMALL LETTER O WITH TILDE,o tilde,õ,õ,U+004f,O,,
U+00f6,253,269,LATIN SMALL LETTER O WITH DIAERESIS,o diaresis,ö,ö,U+004f,O,,
U+00f7,540,542,DIVISION SIGN,Obelus,÷,÷,U+003a,:,,
U+00f8,253,271,LATIN SMALL LETTER O WITH STROKE,o stroke,ø,ø,U+004f,O,,
U+00f9,330,337,LATIN SMALL LETTER U WITH GRAVE,u grave,ù,ù,U+0055,U,,
U+00fa,330,339,LATIN SMALL LETTER U WITH ACUTE,u accute,ú,ú,U+0055,U,,
U+00fb,330,341,LATIN SMALL LETTER U WITH CIRCUMFLEX,u circumflex,û,û,U+0055,U,,
U+00fc,330,343,LATIN SMALL LETTER U WITH DIAERESIS,u diaresis,ü,ü,U+0055,U,,
U+00fd,384,391,LATIN SMALL LETTER Y WITH ACUTE,y accute,ý,ý,U+0059,Y,,
U+00ff,384,395,LATIN SMALL LETTER Y WITH DIAERESIS,y diaresis,ÿ,ÿ,U+0059,Y,,
U+0101,66,87,LATIN SMALL LETTER A WITH MACRON,a macron,ā,ā,U+0041,A,,
U+0102,66,88,LATIN CAPITAL LETTER A WITH BREVE,A breve,Ă,Ă,U+0041,A,,
U+0103,66,89,LATIN SMALL LETTER A WITH BREVE,a breve,ă,ă,U+0041,A,,
U+0104,66,90,LATIN CAPITAL LETTER A WITH OGONEK,A ogonek,Ą,Ą,U+0041,A,,
U+0105,66,91,LATIN SMALL LETTER A WITH OGONEK,a ogonek,ą,ą,U+0041,A,,
U+0106,98,106,LATIN CAPITAL LETTER C WITH ACUTE,C accute,Ć,Ć,U+0043,C,,
U+0107,98,107,LATIN SMALL LETTER C WITH ACUTE,c accute,ć,ć,U+0043,C,,
U+010c,98,108,LATIN CAPITAL LETTER C WITH CARON,C caron,Č,Č,U+0043,C,,
U+010d,98,109,LATIN SMALL LETTER C WITH CARON,c caron,č,č,U+0043,C,,
U+010e,113,121,LATIN CAPITAL LETTER D WITH CARON,D caron,Ď,Ď,U+0044,D,,
U+010f,113,122,LATIN SMALL LETTER D WITH CARON,d apostrophe,ď,ď,U+0044,D,,
U+0110,113,123,LATIN CAPITAL LETTER D WITH STROKE,D stroke,Đ,Đ,U+0044,D,,
U+0111,113,124,LATIN SMALL LETTER D WITH STROKE,d stroke,đ,đ,U+0044,D,,
U+0112,126,140,LATIN CAPITAL LETTER E WITH MACRON,E macron,Ē,Ē,U+0045,E,,
U+0113,126,141,LATIN SMALL LETTER E WITH MACRON,e macron,ē,ē,U+0045,E,,
U+0114,126,142,LATIN CAPITAL LETTER E WITH BREVE,E breve,Ĕ,Ĕ,U+0045,E,,
U+0115,126,143,LATIN SMALL LETTER E WITH BREVE,e breve,ĕ,ĕ,U+0045,E,,
U+0116,126,144,LATIN CAPITAL LETTER E WITH DOT ABOVE,E dot,Ė,Ė,U+0045,E,,
U+0117,126,145,LATIN SMALL LETTER E WITH DOT ABOVE,e dot,ė,ė,U+0045,E,,
U+0118,126,146,LATIN CAPITAL LETTER E WITH OGONEK,E ogonek,Ę,Ę,U+0045,E,,
U+0119,126,147,LATIN SMALL LETTER E WITH OGONEK,e ogonek,ę,ę,U+0045,E,,
U+011a,126,148,LATIN CAPITAL LETTER E WITH CARON,E caron,Ě,Ě,U+0045,E,,
U+011b,126,149,LATIN SMALL LETTER E WITH CARON,e caron,ě,ě,U+0045,E,,
U+011e,161,168,LATIN CAPITAL LETTER G WITH BREVE,G breve,Ğ,Ğ,U+0047,G,,
U+011f,161,169,LATIN SMALL LETTER G WITH BREVE,g breve,ğ,ğ,U+0047,G,,
U+0127,171,179,LATIN SMALL LETTER H WITH STROKE,h stroke,ħ,ħ,U+0048,H,,
U+012a,181,195,LATIN CAPITAL LETTER I WITH MACRON,I macron,Ī,Ī,U+0049,I,,
U+012b,181,196,LATIN SMALL LETTER I WITH MACRON,i macron,ī,ī,U+0049,I,,
U+012c,181,197,LATIN CAPITAL LETTER I WITH BREVE,I breve,Ĭ,Ĭ,U+0049,I,,
U+012d,181,198,LATIN SMALL LETTER I WITH BREVE,i breve,ĭ,ĭ,U+0049,I,,
U+012e,181,199,LATIN CAPITAL LETTER I WITH OGONEK,I ogonek,Į,Į,U+0049,I,,
U+012f,181,200,LATIN SMALL LETTER I WITH OGONEK,i ogonek,į,į,U+0049,I,,
U+0130,181,201,LATIN CAPITAL LETTER I WITH DOT ABOVE,I dot,İ,İ,U+0049,I,,
U+0131,181,202,LATIN SMALL LETTER DOTLESS I,i dotless,ı,ı,U+0049,I,,
U+0135,205,211,LATIN SMALL LETTER J WITH CIRCUMFLEX,j circumflex,ĵ,ĵ,U+004a,J,,2025-03-19. JM. Added.
U+0137,213,219,LATIN SMALL LETTER K WITH CIRCUMFLEX,k circumflex,ķ,ķ,U+004b,K,,2025-03-19. JM. Added.
U+0139,220,227,LATIN CAPITAL LETTER L WITH ACUTE,L accute,Ĺ,Ĺ,U+004c,L,,
U+013a,220,228,LATIN SMALL LETTER L WITH ACUTE,l accute,ĺ,ĺ,U+004c,L,,
U+013d,220,229,LATIN CAPITAL LETTER L WITH CARON,L apostrophe,Ľ,Ľ,U+004c,L,,
U+013e,220,230,LATIN SMALL LETTER L WITH CARON,l apostrophe,ľ,ľ,U+004c,L,,
U+0141,220,231,LATIN CAPITAL LETTER L WITH STROKE,L stroke,Ł,Ł,U+004c,L,,
U+0142,220,232,LATIN SMALL LETTER L WITH STROKE,l stoke,ł,ł,U+004c,L,,
U+0143,239,247,LATIN CAPITAL LETTER N WITH ACUTE,N accute,Ń,Ń,U+004E,N,,
U+0144,239,248,LATIN SMALL LETTER N WITH ACUTE,n accute,ń,ń,U+004E,N,,
U+0147,239,249,LATIN CAPITAL LETTER N WITH CARON,N caron,Ň,Ň,U+004E,N,,
U+0148,239,250,LATIN SMALL LETTER N WITH CARON,n caron,ň,ň,U+004E,N,,
U+014c,253,272,LATIN CAPITAL LETTER O WITH MACRON,O macron,Ō,Ō,U+004f,O,,
U+014d,253,273,LATIN SMALL LETTER O WITH MACRON,o macron,ō,ō,U+004f,O,,
U+014e,253,274,LATIN CAPITAL LETTER O WITH BREVE,O breve,Ŏ,Ŏ,U+004f,O,,
U+014f,253,275,LATIN SMALL LETTER O WITH BREVE,o breve,ŏ,ŏ,U+004f,O,,
U+0152,253,276,LATIN CAPITAL LIGATURE OE,OE,Œ,Œ,U+004f,O,,
U+0153,253,277,LATIN SMALL LIGATURE OE,oe,œ,œ,U+004f,O,,
U+0154,291,298,LATIN CAPITAL LETTER R WITH ACUTE,R accute,Ŕ,Ŕ,U+0052,R,,
U+0155,291,299,LATIN SMALL LETTER R WITH ACUTE,r accute,ŕ,ŕ,U+0052,R,,
U+0158,291,300,LATIN CAPITAL LETTER R WITH CARON,R caron,Ř,Ř,U+0052,R,,
U+0159,291,301,LATIN SMALL LETTER R WITH CARON,r caron,ř,ř,U+0052,R,,
U+015a,303,309,LATIN CAPITAL LETTER S WITH ACUTE,S accute,Ś,Ś,U+0053,S,,
U+015b,303,310,LATIN SMALL LETTER S WITH ACUTE,s accute,ś,ś,U+0053,S,,
U+015e,303,311,LATIN CAPITAL LETTER S WITH CEDILLA,S cedilla,Ş,Ş,U+0053,S,,
U+015f,303,312,LATIN SMALL LETTER S WITH CEDILLA,s cedilla,ş,ş,U+0053,S,,
U+0160,303,313,LATIN CAPITAL LETTER S WITH CARON,S caron,Š,Š,U+0053,S,,
U+0161,303,314,LATIN SMALL LETTER S WITH CARON,s caron,š,š,U+0053,S,,
U+0162,316,324,LATIN CAPITAL LETTER T WITH CEDILLA,T cedilla,Ţ,Ţ,U+0054,T,,
U+0163,316,325,LATIN SMALL LETTER T WITH CEDILLA,t cedilla,ţ,ţ,U+0054,T,,
U+0164,316,326,LATIN CAPITAL LETTER T WITH CARON,T caron,Ť,Ť,U+0054,T,,
U+0165,316,327,LATIN SMALL LETTER T WITH CARON,t apostrophe,ť,ť,U+0054,T,,
U+0168,330,344,LATIN CAPITAL LETTER U WITH TILDE,U tilde,Ũ,Ũ,U+0055,U,,
U+0169,330,345,LATIN SMALL LETTER U WITH TILDE,u tilde,ũ,ũ,U+0055,U,,
U+016a,330,346,LATIN CAPITAL LETTER U WITH MACRON,U macron,Ū,Ū,U+0055,U,,
U+016b,330,347,LATIN SMALL LETTER U WITH MACRON,u macron,ū,ū,U+0055,U,,
U+016c,330,348,LATIN CAPITAL LETTER U WITH BREVE,U breve,Ŭ,Ŭ,U+0055,U,,
U+016d,330,349,LATIN SMALL LETTER U WITH BREVE,u breve,ŭ,ŭ,U+0055,U,,
U+016e,330,350,LATIN CAPITAL LETTER U WITH RING ABOVE,U ring,Ů,Ů,U+0055,U,,
U+016f,330,351,LATIN SMALL LETTER U WITH RING ABOVE,u ring,ů,ů,U+0055,U,,
U+0172,330,352,LATIN CAPITAL LETTER U WITH OGONEK,U ogonek,Ų,Ų,U+0055,U,,
U+0173,330,353,LATIN SMALL LETTER U WITH OGONEK,u ogonek,ų,ų,U+0055,U,,
U+0174,364,370,LATIN CAPITAL LETTER W WITH CIRCUMFLEX,W circumflex,Ŵ,Ŵ,U+0057,W,,
U+0175,364,371,LATIN SMALL LETTER W WITH CIRCUMFLEX,w circumflex,ŵ,ŵ,U+0057,W,,
U+0176,384,392,LATIN CAPITAL LETTER Y WITH CIRCUMFLEX,Y circumflex,Ŷ,Ŷ,U+0059,Y,,
U+0177,384,393,LATIN SMALL LETTER Y WITH CIRCUMFLEX,y circumflex,ŷ,ŷ,U+0059,Y,,
U+0178,384,394,LATIN CAPITAL LETTER Y WITH DIAERESIS,Y diaresis,Ÿ,Ÿ,U+0059,Y,,
U+0179,399,405,LATIN CAPITAL LETTER Z WITH ACUTE,Z accute,Ź,Ź,U+005a,Z,,
U+017a,399,406,LATIN SMALL LETTER Z WITH ACUTE,z accute,ź,ź,U+005a,Z,,
U+017b,399,407,LATIN CAPITAL LETTER Z WITH DOT ABOVE,Z dot,Ż,Ż,U+005a,Z,,
U+017c,399,408,LATIN SMALL LETTER Z WITH DOT ABOVE,z dot,ż,ż,U+005a,Z,,
U+017d,399,409,LATIN CAPITAL LETTER Z WITH CARON,Zcaron,Ž,Ž,U+005a,Z,,
U+017e,399,410,LATIN SMALL LETTER Z WITH CARON,z caron,ž,ž,U+005a,Z,,
U+017f,66,86,LATIN SMALL LETTER LONG S,A macron,ſ,ſ,U+0041,A,,
U+0232,384,397,LATIN CAPITAL LETTER Y WITH MACRON,y under root,Ȳ,Ȳ,U+0059,Y,,
U+0233,384,396,LATIN SMALL LETTER Y WITH MACRON,y macron,ȳ,ȳ,U+0059,Y,,
U+02b0,171,176,SUPERSCRIPT h,Superscript h,ʰ,ʰ,U+0048,H,,
U+02b3,291,295,SUPERSCRIPT r,Superscript r,ʳ,ʳ,U+0052,R,,
U+02bc,544,549,MODIFIER LETTER APOSTROPHE,Narrow Apostrophe,ʼ,ʼ,U+0027,',,
U+02e3,373,377,SUPERSCRIPT x,Superscript x,ˣ,ˣ,U+0058,X,,
U+0378,373,381,not defined by unicode,x macron,͸,͸,U+0058,X,,
U+0379,373,380,not defined by unicode,x circumflex,͹,͹,U+0058,X,,
U+037f,373,382,GREEK CAPITAL LETTER YOT ,x under root,Ϳ,Ϳ,U+0058,X,,
U+0380,330,354,not defined by unicode,u macron,΀,΀,U+0055,U,,
U+0381,356,362,not defined by unicode,v macron,΁,΁,U+0056,V,,
U+0382,364,372,not defined by unicode,w macron,΂,΂,U+0057,W,,
U+0383,399,413,not defined by unicode,z macron,΃,΃,U+005a,Z,,
U+038b,356,363,not defined by unicode,v circumflex,΋,΋,U+0056,V,,
U+038d,399,414,not defined by unicode,z circumflex,΍,΍,U+005a,Z,,
U+0390,438,443,GREEK SMALL LETTER IOTA WITH DIALYTIKA AND TONOS,iota dialytika tonos,ΐ,ΐ,U+0399,Ι,,
U+0391,415,415,GREEK CAPITAL LETTER ALPHA,ALPHA,Α,Α,U+0391,Α,,
U+0392,419,419,GREEK CAPITAL LETTER BETA,BETA,Β,Β,U+0392,Β,,
U+0393,421,421,GREEK CAPITAL LETTER GAMMA,GAMMA,Γ,Γ,U+0393,Γ,,
U+0394,423,423,GREEK CAPITAL LETTER DELTA,DELTA,Δ,Δ,U+0394,Δ,,
U+0395,426,426,GREEK CAPITAL LETTER EPSILON,EPSILON,Ε,Ε,U+0395,Ε,,
U+0396,429,429,GREEK CAPITAL LETTER ZETA,ZETA,Ζ,Ζ,U+0396,Ζ,,
U+0397,431,431,GREEK CAPITAL LETTER ETA,ETA,Η,Η,U+0397,Η,,
U+0398,434,434,GREEK CAPITAL LETTER THETA,THETA,Θ,Θ,U+0398,Θ,,
U+0399,438,438,GREEK CAPITAL LETTER IOTA,IOTA,Ι,Ι,U+0399,Ι,,
U+039a,444,444,GREEK CAPITAL LETTER KAPPA,KAPPA,Κ,Κ,U+039a,Κ,,
U+039b,446,446,GREEK CAPITAL LETTER LAMDA,LAMDA,Λ,Λ,U+039b,Λ,,
U+039c,448,448,GREEK CAPITAL LETTER MU,MU,Μ,Μ,U+039c,Μ,,
U+039d,452,452,GREEK CAPITAL LETTER NU,NU,Ν,Ν,U+039d,Ν,,
U+039e,454,454,GREEK CAPITAL LETTER XI,XI,Ξ,Ξ,U+039e,Ξ,,
U+039f,456,456,GREEK CAPITAL LETTER OMICRON,OMICRON,Ο,Ο,U+039f,Ο,,
U+03a0,459,459,GREEK CAPITAL LETTER PI,PI,Π,Π,U+03a0,Π,,
U+03a1,465,465,GREEK CAPITAL LETTER RHO,RHO,Ρ,Ρ,U+03a1,Ρ,,
U+03a2,330,355,not defined by unicode,u circumflex,΢,΢,U+0055,U,,
U+03a3,467,467,GREEK CAPITAL LETTER SIGMA,SIGMA,Σ,Σ,U+03a3,Σ,,
U+03a4,471,471,GREEK CAPITAL LETTER TAU,TAU,Τ,Τ,U+03a4,Τ,,
U+03a5,473,473,GREEK CAPITAL LETTER UPSILON,UPSILON,Υ,Υ,U+03a5,Υ,,
U+03a6,479,479,GREEK CAPITAL LETTER PHI,PHI,Φ,Φ,U+03a6,Φ,,
U+03a7,481,481,GREEK CAPITAL LETTER CHI,CHI,Χ,Χ,U+03a7,Χ,,
U+03a8,483,483,GREEK CAPITAL LETTER PSI,PSI,Ψ,Ψ,U+03a8,Ψ,,
U+03a9,485,485,GREEK CAPITAL LETTER OMEGA,OMEGA,Ω,Ω,U+03a9,Ω,,
U+03aa,438,441,GREEK CAPITAL LETTER IOTA WITH DIALYTIKA,IOTA dialytika,Ϊ,Ϊ,U+0399,Ι,,
U+03ab,473,476,GREEK CAPITAL LETTER UPSILON WITH DIALYTIKA,UPSILON dialytika,Ϋ,Ϋ,U+03a5,Υ,,
U+03ac,415,418,GREEK SMALL LETTER ALPHA WITH TONOS,alpha tonos,ά,ά,U+0391,Α,,
U+03ad,426,428,GREEK SMALL LETTER EPSILON WITH TONOS,epsilon tonos,έ,έ,U+0395,Ε,,
U+03ae,431,433,GREEK SMALL LETTER ETA WITH TONOS,eta tonos,ή,ή,U+0397,Η,,
U+03af,438,440,GREEK SMALL LETTER IOTA WITH TONOS,iota tonos,ί,ί,U+0399,Ι,,
U+03b0,473,478,GREEK SMALL LETTER UPSILON WITH DIALYTIKA AND TONOS,upsilon dialytika tonos,ΰ,ΰ,U+03a5,Υ,,
U+03b1,415,416,GREEK SMALL LETTER ALPHA,alpha,α,α,U+0391,Α,,
U+03b2,419,420,GREEK SMALL LETTER BETA,beta,β,β,U+0392,Β,,
U+03b3,421,422,GREEK SMALL LETTER GAMMA,gamma,γ,γ,U+0393,Γ,,
U+03b4,423,424,GREEK SMALL LETTER DELTA,delta,δ,δ,U+0394,Δ,,
U+03b5,426,427,GREEK SMALL LETTER EPSILON,epsilon,ε,ε,U+0395,Ε,,
U+03b6,429,430,GREEK SMALL LETTER ZETA,zeta,ζ,ζ,U+0396,Ζ,,
U+03b7,431,432,GREEK SMALL LETTER ETA,eta,η,η,U+0397,Η,,
U+03b8,434,435,GREEK SMALL LETTER THETA,theta-math,θ,θ,U+0398,Θ,,2025-03-19. JM Added alternative theta
U+03b9,438,439,GREEK SMALL LETTER IOTA,iota,ι,ι,U+0399,Ι,,
U+03ba,444,445,GREEK SMALL LETTER KAPPA,kappa,κ,κ,U+039a,Κ,,
U+03bb,446,447,GREEK SMALL LETTER LAMDA,lamda,λ,λ,U+039b,Λ,,
U+03bc,448,449,GREEK SMALL LETTER MU,mu,μ,μ,U+039c,Μ,,
U+03bd,452,453,GREEK SMALL LETTER NU,nu,ν,ν,U+039d,Ν,,
U+03be,454,455,GREEK SMALL LETTER XI,xi,ξ,ξ,U+039e,Ξ,,
U+03bf,456,457,GREEK SMALL LETTER OMICRON,omicron,ο,ο,U+039f,Ο,,
U+03c0,459,461,GREEK SMALL LETTER PI,pi,π,π,U+03a0,Π,,
U+03c1,465,466,GREEK SMALL LETTER RHO,rho,ρ,ρ,U+03a1,Ρ,,
U+03c2,467,469,GREEK SMALL LETTER FINAL SIGMA,Final sigma,ς,ς,U+03a3,Σ,,
U+03c3,467,468,GREEK SMALL LETTER SIGMA,sigma,σ,σ,U+03a3,Σ,,
U+03c4,471,472,GREEK SMALL LETTER TAU,tau,τ,τ,U+03a4,Τ,,
U+03c5,473,474,GREEK SMALL LETTER UPSILON,upsilon,υ,υ,U+03a5,Υ,,
U+03c6,479,480,GREEK SMALL LETTER PHI,phi,φ,φ,U+03a6,Φ,,
U+03c7,481,482,GREEK SMALL LETTER CHI,chi,χ,χ,U+03a7,Χ,,
U+03c8,483,484,GREEK SMALL LETTER PSI,psi,ψ,ψ,U+03a8,Ψ,,
U+03c9,485,486,GREEK SMALL LETTER OMEGA,omega,ω,ω,U+03a9,Ω,,
U+03ca,438,442,GREEK SMALL LETTER IOTA WITH DIALYTIKA,iota dialytika,ϊ,ϊ,U+0399,Ι,,
U+03cb,473,477,GREEK SMALL LETTER UPSILON WITH DIALYTIKA,upsilon dialytika,ϋ,ϋ,U+03a5,Υ,,
U+03cc,456,458,GREEK SMALL LETTER OMICRON WITH TONOS,omicron tonos,ό,ό,U+039f,Ο,,
U+03cd,473,475,GREEK SMALL LETTER UPSILON WITH TONOS,upsilon tonos,ύ,ύ,U+03a5,Υ,,
U+03ce,485,487,GREEK SMALL LETTER OMEGA WITH TONOS,omega tonos,ώ,ώ,U+03a9,Ω,,
U+03d1,434,436,GREEK SMALL LETTER THETA,theta-script,ϑ,ϑ,U+0398,Θ,,2025-03-19. JM. Moved. The glyph was incorrectly at 03b8
U+03d5,479,437,GREEK SMALL LETTER PHI,theta-math,ϕ,ϕ,U+03a6,Φ,,2025-03-19. JM. JM Added alternative phi.
U+03d8,488,488,GREEK LETTER ARCHAIC KOPPA,KOPPA,Ϙ,Ϙ,U+03d8,Ϙ,,
U+03d9,488,489,GREEK SMALL LETTER ARCHAIC KOPPA,koppa,ϙ,ϙ,U+03d8,Ϙ,,
U+03dc,490,490,GREEK LETTER DIGAMMA,DIGAMMA,Ϝ,Ϝ,U+03dc,Ϝ,,
U+03dd,490,491,GREEK SMALL LETTER DIGAMMA,digamma,ϝ,ϝ,U+03dc,Ϝ,,
U+03e0,492,492,GREEK LETTER SAMPI,SAMPI,Ϡ,Ϡ,U+03e0,Ϡ,,
U+03e1,492,493,GREEK SMALL LETTER SAMPI,sampi,ϡ,ϡ,U+03e0,Ϡ,,
U+1d40,316,320,SUPERSCRIPT T,Superscript T,ᵀ,ᵀ,U+0054,T,,
U+1d4d,161,165,SUPERSCRIPT g,Superscript g,ᵍ,ᵍ,U+0047,G,,
U+1da0,152,156,SUPERSCRIPT f,Superscript f,ᶠ,ᶠ,U+0046,F,,
U+1e9d,152,159,LONGSHIGHSTROKE,Long f,ẝ,ẝ,U+0046,F,,
U+1e9f,161,170,DELTA,Long g,ẟ,ẟ,U+0047,G,,
U+2003,1,2,EM SPACE,EM space, , ,U+0020, ,,
U+2004,1,3,THREE-PER-EM SPACE,3 per EM space, , ,U+0020, ,,
U+2005,1,4,FOUR-PER-EM SPACE,4 per EM space, , ,U+0020, ,,
U+2006,1,5,SIX-PER-EM SPACE,6 per EM space, , ,U+0020, ,,
U+2007,1,6,FIGURE SPACE,Figure space, , ,U+0020, ,,
U+2008,1,7,PUNCTUATION SPACE,Punctuation space, , ,U+0020, ,,
U+200a,1,8,HAIR SPACE,Hair space, , ,U+0020, ,,
U+2018,544,545,LEFT SINGLE QUOTATION MARK,Left single quatation mark,‘,‘,U+0027,',,
U+2019,544,546,RIGHT SINGLE QUOTATION MARK,Right single quatation mark,’,’,U+0027,',,
U+201a,544,547,SINGLE LOW-9 QUOTATION MARK,Single low-9 quotation mark,‚,‚,U+0027,',,
U+201b,544,548,SINGLE HIGH-REVERSED-9 QUOTATION MARK,Single high-reversed-9 quotation mark,‛,‛,U+0027,',,
U+201c,550,551,LEFT DOUBLE QUOTATION MARK,Left double quatation mark,“,“,U+0022,"""",,
U+201d,550,552,RIGHT DOUBLE QUOTATION MARK,Right double quatation mark,”,”,U+0022,"""",,
U+201e,550,553,DOUBLE LOW-9 QUOTATION MARK,Double low-9 quotation mark,„,„,U+0022,"""",,
U+201f,550,554,DOUBLE HIGH-REVERSED-9 QUOTATION MARK,Double high-reversed-9 quotation mark,‟,‟,U+0022,"""",,
U+2026,531,533,HORIZONTAL ELLIPSIS,Ellipsis,…,…,U+002e,.,,
U+2027,18,19,HYPHENATION POINT ,Binary 1,‧,‧,U+0031,1,,
U+2073,126,150,not defined by unicode,Subscript E,⁳,⁳,U+0045,E,,
U+2080,11,15,SUBSCRIPT ZERO,Subscript 0,₀,₀,U+0030,0,,
U+2081,18,23,SUBSCRIPT ONE,Subscript 1,₁,₁,U+0031,1,,
U+2082,25,27,SUBSCRIPT TWO,Subscript 2,₂,₂,U+0032,2,,
U+2083,29,31,SUBSCRIPT THREE,Subscript 3,₃,₃,U+0033,3,,
U+2084,34,36,SUBSCRIPT FOUR,Subscript 4,₄,₄,U+0034,4,,
U+2085,38,40,SUBSCRIPT FIVE,Subscript 5,₅,₅,U+0035,5,,
U+2086,42,44,SUBSCRIPT SIX,Subscript 6,₆,₆,U+0036,6,,
U+2087,46,48,SUBSCRIPT SEVEN,Subscript 7,₇,₇,U+0037,7,,
U+2088,50,52,SUBSCRIPT EIGHT,Subscript 8,₈,₈,U+0038,8,,
U+2089,54,56,SUBSCRIPT NINE,Subscript 9,₉,₉,U+0039,9,,
U+208a,510,512,SUBSCRIPT PLUS SIGN,Subscript +,₊,₊,U+002b,+,,
U+208b,514,516,SUBSCRIPT MINUS,Subscript -,₋,₋,U+002d,-,,
U+208f,519,524,not defined by unicode,Superscript *,₏,₏,U+00d7,×,,
U+209e,623,624,not defined by unicode,Superscript infinity,₞,₞,U+221e,∞,,
U+209f,623,625,not defined by unicode,Subscript infinity,₟,₟,U+221e,∞,,
U+20ac,614,616,EURO SIGN,Euro,€,€,U+0025,%,,
U+2102,98,110,DOUBLE-STRUCK CAPITAL C,Complec C,ℂ,ℂ,U+0043,C,,
U+210e,171,173,PLANCK CONSTANT,Planck,ℎ,ℎ,U+0048,H,,
U+210f,171,180,PLANCK CONSTANT OVER TWO PI,Planck / 2pi,ℏ,ℏ,U+0048,H,,
U+2110,181,204,DOUBLE-STRUCK CAPITAL I,Irrational I,ℐ,ℐ,U+0049,I,,
U+2113,220,226,SCRIPT SMALL L,Litre,ℓ,ℓ,U+004c,L,,
U+2115,239,251,DOUBLE-STRUCK CAPITAL N,Natural N,ℕ,ℕ,U+004e,N,,
U+211a,284,290,DOUBLE-STRUCK CAPITAL Q,Rational Q,ℚ,ℚ,U+0051,Q,,
U+211d,291,302,DOUBLE-STRUCK CAPITAL R,Real R,ℝ,ℝ,U+0052,R,,
U+2124,399,411,DOUBLE-STRUCK CAPITAL Z,Integer Z,ℤ,ℤ,U+005a,Z,,
U+2125,399,412,DOUBLE-STRUCK CAPITAL Z SMALL,Integer Z small,℥,℥,U+005a,Z,,
U+2138,316,328,not defined by unicode,Time,ℸ,ℸ,U+0054,T,,
U+2145,113,125,not defined by unicode,Date,ⅅ,ⅅ,U+0044,D,,
U+2147,126,151,DOUBLE-STRUCK ITALIC SMALL E,eEuler,ⅇ,ⅇ,U+0045,E,,
U+2148,181,203,DOUBLE-STRUCK ITALIC SMALL I,Complex i,ⅈ,ⅈ,U+0049,I,,
U+2149,205,212,DOUBLE-STRUCK ITALIC SMALL J,Complex j,ⅉ,ⅉ,U+004a,J,,
U+2160,11,14,ROMAN NUMERAL ONE,Superscript 0,Ⅰ,Ⅰ,U+0030,0,,
U+2161,18,22,ROMAN NUMERAL TWO,Superscript 1,Ⅱ,Ⅱ,U+0031,1,,
U+2162,25,26,ROMAN NUMERAL THREE,Superscript 2,Ⅲ,Ⅲ,U+0032,2,,
U+2163,29,30,ROMAN NUMERAL FOUR,Superscript 3,Ⅳ,Ⅳ,U+0033,3,,
U+2164,34,35,ROMAN NUMERAL FIVE,Superscript 4,Ⅴ,Ⅴ,U+0034,4,,
U+2165,38,39,ROMAN NUMERAL SIX,Superscript 5,Ⅵ,Ⅵ,U+0035,5,,
U+2166,42,43,ROMAN NUMERAL SEVEN,Superscript 6,Ⅶ,Ⅶ,U+0036,6,,
U+2167,46,47,ROMAN NUMERAL EIGHT,Superscript 7,Ⅷ,Ⅷ,U+0037,7,,
U+2168,50,51,ROMAN NUMERAL NINE,Superscript 8,Ⅸ,Ⅸ,U+0038,8,,
U+2169,54,55,ROMAN NUMERAL TEN,Superscript 9,Ⅹ,Ⅹ,U+0039,9,,
U+216a,510,511,SUPERSCRIPT PLUS SIGN,Superscript +,Ⅺ,Ⅺ,U+002b,+,,
U+216b,514,515,SUPERSCRIPT MINUS,Superscript -,Ⅻ,Ⅻ,U+002d,-,,
U+2190,567,567,LEFTWARDS ARROW,Left arrow,←,←,U+2190,←,,
U+2191,572,572,UPWARDS ARROW,Up arrow,↑,↑,U+2191,↑,,
U+2192,562,562,RIGHTWARDS ARROW,Right arrow,→,→,U+2192,→,,
U+2193,578,578,DOWNWARDS ARROW,Down arrow,↓,↓,U+2193,↓,,
U+2194,583,584,LEFT RIGHT ARROW,Left right arrow,↔,↔,U+21c4,⇄,,
U+2195,586,586,UP DOWN ARROW,Up down arrow,↕,↕,U+2195,↕,,
U+21b5,567,571,DOWNWARDS ARROW WITH CORNER LEFTWARDS,Carriage return,↵,↵,U+2190,←,,
U+21c0,562,563,RIGHTWARDS HARPOON WITH BARB UPWARDS,Short right arrow,⇀,⇀,U+2192,→,,
U+21c4,583,583,RIGHTWARDS ARROW OVER LEFTWARDS ARROW,Left right arrow,⇄,⇄,U+21c4,⇄,,
U+21c9,572,576,RIGHTWARDS PAIRED ARROWS,BST,⇉,⇉,U+2191,↑,,
U+21cb,578,582,LEFTWARDS HARPOON OVER RIGHTWARDS HARPOON,SST,⇋,⇋,U+2193,↓,,
U+21cc,587,587,RIGHTWARDS HARPOON OVER LEFTWARDS HARPOON,List,⇌,⇌,U+21cc,⇌,,
U+21cd,567,570,LEFTWARDS DOUBLE ARROW WITH STROKE,Undo,⇍,⇍,U+2190,←,,
U+21d2,562,566,RIGHTWARDS DOUBLE ARROW,Convert to xxx,⇒,⇒,U+2192,→,,
U+21d4,583,585,LEFT RIGHT DOUBLE ARROW,Left righr double arrow,⇔,⇔,U+21c4,⇄,,
U+21e0,567,568,LEFTWARDS ARROW,Left arrow,⇠,⇠,U+2190,←,,
U+21e1,572,573,UPWARDS ARROW,Up arrow,⇡,⇡,U+2191,↑,,
U+21e2,562,564,RIGHTWARDS ARROW,Right arrow,⇢,⇢,U+2192,→,,
U+21e3,578,579,DOWNWARDS ARROW,Down arrow,⇣,⇣,U+2193,↓,,
U+21e7,572,575,UP_HOLLOW_ARROW,Up hollow arrow,⇧,⇧,U+2191,↑,,
U+21e9,578,581,DOWN_HOLLOW_ARROW,Down hollow arrow,⇩,⇩,U+2193,↓,,
U+2201,98,111,COMPLEMENT,Complement,∁,∁,U+0043,C,,
U+2202,657,658,PARTIAL DIFFERENTIAL,Partial differential,∂,∂,U+2c6f,Ɐ,,
U+2203,657,659,THERE EXISTS,There exists,∃,∃,U+2c6f,Ɐ,,
U+2204,657,660,THERE DOES NOT EXIST,There does not exists,∄,∄,U+2c6f,Ɐ,,
U+2205,657,661,EMPTY SET,Empty set,∅,∅,U+2c6f,Ɐ,,
U+2206,657,662,INCREMENT,Increment,∆,∆,U+2c6f,Ɐ,,
U+2207,657,663,NABLA,Nabla,∇,∇,U+2c6f,Ɐ,,
U+2208,657,664,ELEMENT OF,Element of,∈,∈,U+2c6f,Ɐ,,
U+2209,657,665,NOT AN ELEMENT OF,Not an element of,∉,∉,U+2c6f,Ɐ,,
U+220b,657,666,CONTAINS AS MEMBER,Contains as member,∋,∋,U+2c6f,Ɐ,,
U+220c,657,667,DOES NOT CONTAIN AS MEMBER,Does not contain as member,∌,∌,U+2c6f,Ɐ,,
U+220e,11,12,END OF PROOF,Binary 0,∎,∎,U+0030,0,,
U+220f,459,460,N-ARY PRODUCT,N-ary product,∏,∏,U+03a0,Π,,
U+2211,467,470,N-ARY SUMMATION,N-ary summation,∑,∑,U+03a3,Σ,,
U+2213,514,517,MINUS-OR-PLUS SIGN,Minus-plus,∓,∓,U+002d,-,,
U+2218,519,522,RING OPERATOR,Ring,∘,∘,U+00d7,×,,
U+2219,519,521,BULLET OPERATOR,Bullet,∙,∙,U+00d7,×,,
U+221a,621,621,SQUARE ROOT,Square root,√,√,U+221a,√,,
U+221b,29,33,CUBE ROOT,Cube root,∛,∛,U+0033,3,,
U+221c,373,383,FOURTH ROOT,xth root,∜,∜,U+0058,X,,
U+221d,621,622,PROPORTIONAL TO,Proportional to,∝,∝,U+221a,√,,
U+221e,623,623,INFINITY,Infinity,∞,∞,U+221e,∞,,
U+221f,635,635,RIGHT ANGLE,Right angle,∟,∟,U+221f,∟,,
U+2220,637,637,ANGLE,Angle,∠,∠,U+2220,∠,,
U+2221,637,638,MEASURED ANGLE,Measured angle,∡,∡,U+2220,∠,,
U+2222,637,639,SPHERICAL ANGLE,Spherical angle,∢,∢,U+2220,∠,,
U+2223,595,596,DIVIDES,Divides,∣,∣,U+007c,|,,
U+2224,595,597,DOES NOT DIVIDE,Does not divide,∤,∤,U+007c,|,,
U+2225,595,598,PARALLEL TO,Parallel to,∥,∥,U+007c,|,,
U+2226,595,599,NOT PARALLEL TO,Not parallel to,∦,∦,U+007c,|,,
U+2227,588,589,LOGICAL AND,And,∧,∧,U+00ac,¬,,
U+2228,588,590,LOGICAL OR,Or,∨,∨,U+00ac,¬,,
U+2229,657,668,INTERSECTION,Intersection,∩,∩,U+2c6f,Ɐ,,
U+222a,657,669,UNION,Union,∪,∪,U+2c6f,Ɐ,,
U+222b,626,626,INTEGRAL,Integral,∫,∫,U+222b,∫,,
U+222c,626,627,DOUBLE INTEGRAL,Doublr integral,∬,∬,U+222b,∫,,
U+222d,626,628,TRIPLE INTEGRAL,Triple integral,∭,∭,U+222b,∫,,
U+222e,626,629,CONTOUR INTEGRAL,Contour integral,∮,∮,U+222b,∫,,
U+222f,626,630,SURFACE INTEGRAL,Surface integral,∯,∯,U+222b,∫,,
U+2230,626,631,VOLUME INTEGRAL,Volume integral,∰,∰,U+222b,∫,,
U+2236,540,541,RATIO,Ratio,∶,∶,U+003a,:,,
U+2243,600,606,ASYMPTOTICALLY EQUAL TO,Asymptotically equal to,≃,≃,U+226a,≪,,
U+2248,600,607,ALMOST EQUAL TO,Almost equal,≈,≈,U+226a,≪,,
U+2254,600,604,COLON EQUALS,Colon equals,≔,≔,U+226a,≪,,
U+2258,600,608,CORRESPONDS TO,Corresponds to,≘,≘,U+226a,≪,,
U+2259,600,609,ESTIMATES,Estimates,≙,≙,U+226a,≪,,
U+2260,600,610,NOT EQUAL TO,Not equel to,≠,≠,U+226a,≪,,
U+2261,600,603,IDENTICAL TO,Identical to,≡,≡,U+226a,≪,,
U+2264,600,602,LESS-THAN OR EQUAL TO,Less or equal than,≤,≤,U+226a,≪,,
U+2265,600,611,GREATER-THAN OR EQUAL TO,Greater or equal than,≥,≥,U+226a,≪,,
U+226a,600,600,MUCH LESS-THAN,Much less than,≪,≪,U+226a,≪,,
U+226b,600,613,MUCH GREATER-THAN,Much greater than,≫,≫,U+226a,≪,,
U+2282,657,670,SUBSET OF,Subset of,⊂,⊂,U+2c6f,Ɐ,,
U+2284,657,671,NOT A SUBSET OF,Not a subset of,⊄,⊄,U+2c6f,Ɐ,,
U+2295,634,634,CIRCLED PLUS,Subscript earth,⊕,⊕,U+2295,⊕,,
U+2296,415,417,CIRCLED MINUS,Subscript alpha,⊖,⊖,U+0391,Α,,
U+2297,423,425,CIRCLED TIMES,Subscript delta,⊗,⊗,U+0394,Δ,,
U+2298,448,451,CIRCLED SLASH,Subscript mu,⊘,⊘,U+039c,Μ,,
U+2299,632,632,CIRCLED DOT OPERATOR,Sun,⊙,⊙,U+2299,⊙,,
U+229a,632,633,CIRCLED RING OPERATOR,Subscript sun,⊚,⊚,U+2299,⊙,,
U+22a2,316,329,RIGHT TACK,right tack,⊢,⊢,U+0054,T,,
U+22a4,316,319,DOWN TACK,Transposed,⊤,⊤,U+0054,T,,
U+22a5,635,636,UP TACK,Perpendicular,⊥,⊥,U+221f,∟,,
U+22bb,588,591,XOR,Xor,⊻,⊻,U+00ac,¬,,
U+22bc,588,592,NAND,Nand,⊼,⊼,U+00ac,¬,,
U+22bd,588,593,NOR,Nor,⊽,⊽,U+00ac,¬,,
U+22c5,531,535,DOT OPERATOR,Wide dot,⋅,⋅,U+002e,.,,
U+231a,640,643,WATCH,Watch,⌚,⌚,U+2399,⎙,,
U+231b,640,641,HOURGLASS,Hourglass,⌛,⌛,U+2399,⎙,,
U+2393,514,518,DC CURRENT,DC current,⎓,⎓,U+002d,-,,
U+2399,640,640,PRINT SCREEN SYMBOL,Printer,⎙,⎙,U+2399,⎙,,
U+23a1,496,497,LEFT SQUARE BRACKET UPPER CORNER,Matrix upper left,⎡,⎡,U+005b,[,,
U+23a2,496,498,LEFT SQUARE BRACKET EXTENSION,Matrix middle left,⎢,⎢,U+005b,[,,
U+23a3,496,499,LEFT SQUARE BRACKET LOWER CORNER,Matrix lower left,⎣,⎣,U+005b,[,,
U+23a4,496,501,RIGHT SQUARE BRACKET UPPER CORNER,Matrix upper right,⎤,⎤,U+005b,[,,
U+23a5,496,502,RIGHT SQUARE BRACKET EXTENSION,Matrix middle right,⎥,⎥,U+005b,[,,
U+23a6,496,503,RIGHT SQUARE BRACKET LOWER CORNER,Matrix lower right,⎦,⎦,U+005b,[,,
U+23b5,1,10,BOTTOM SQUARE BRACKET,Narrow space,⎵,⎵,U+0020, ,,
U+23e6,560,561,AC CURRENT,AC current,⏦,⏦,U+007e,~,,
U+23f1,640,644,STOPWATCH,Stopwatch,⏱,⏱,U+2399,⎙,,
U+23fb,640,651,POWER SYMBOL,Power symbol,⏻,⏻,U+2399,⎙,,
U+2421,672,672,SYMBOL FOR DELETE,Oblique 1,␡,␡,U+2421,␡,,
U+2422,672,673,BLANK SYMBOL,Oblique 2,␢,␢,U+2421,␡,,
U+2423,1,9,OPEN BOX,Space symbol,␣,␣,U+0020, ,,
U+2425,672,674,SYMBOL FOR DELETE FORM TWO,Oblique 3,␥,␥,U+2421,␡,,
U+2426,672,675,SYMBOL FOR SUBSTITUTE FORM TWO,Oblique 4,␦,␦,U+2421,␡,,
U+2427,558,559,not defined by unicode,Cursor,␧,␧,U+005f,_,,
U+2428,531,532,not defined by unicode,DP decimal separator,␨,␨,U+002e,.,,
U+2429,528,529,not defined by unicode,DP decimal separator,␩,␩,U+002c,",",,
U+242a,640,645,not defined by unicode,Battery,␪,␪,U+2399,⎙,,
U+242b,572,577,not defined by unicode,Pgm begin,␫,␫,U+2191,↑,,
U+242c,640,647,not defined by unicode,User mode,␬,␬,U+2399,⎙,,
U+242d,655,655,not defined by unicode,UK,␭,␭,U+242d,␭,,
U+242e,655,656,not defined by unicode,US,␮,␮,U+242d,␭,,
U+242f,640,648,not defined by unicode,Negative exclamation mark,␯,␯,U+2399,⎙,,
U+2430,506,506,not defined by unicode,Gauss left black,␰,␰,U+2430,␰,,
U+2431,506,507,not defined by unicode,Gauss right white,␱,␱,U+2430,␰,,
U+2432,506,508,not defined by unicode,Gauss left white,␲,␲,U+2430,␰,,
U+2433,506,509,not defined by unicode,Gauss right black,␳,␳,U+2430,␰,,
U+2434,640,649,not defined by unicode,USB symbol,␴,␴,U+2399,⎙,,
U+2435,640,646,not defined by unicode,Battery half,␵,␵,U+2399,⎙,,
U+2460,18,24,CIRCLED DIGIT ONE ,Base 1,①,①,U+0031,1,,
U+2461,25,28,CIRCLED DIGIT TWO,Base 2,②,②,U+0032,2,,
U+2462,29,32,CIRCLED DIGIT THREE,Base 3,③,③,U+0033,3,,
U+2463,34,37,CIRCLED DIGIT FOUR,Base 4,④,④,U+0034,4,,
U+2464,38,41,CIRCLED DIGIT FIVE,Base 5,⑤,⑤,U+0035,5,,
U+2465,42,45,CIRCLED DIGIT SIX,Base 6,⑥,⑥,U+0036,6,,
U+2466,46,49,CIRCLED DIGIT SEVEN,Base 7,⑦,⑦,U+0037,7,,
U+2467,50,53,CIRCLED DIGIT EIGHT,Base 8,⑧,⑧,U+0038,8,,
U+2468,54,57,CIRCLED DIGIT NINE,Base 9,⑨,⑨,U+0039,9,,
U+2469,58,59,CIRCLED DIGIT TEN,Base 10,⑩,⑩,U+247d,⑽,,
U+246a,60,60,CIRCLED DIGIT ELEVEN,Base 11,⑪,⑪,U+246a,⑪,,
U+246b,61,61,CIRCLED DIGIT TWELVE,Base 12,⑫,⑫,U+246b,⑫,,
U+246c,62,62,CIRCLED DIGIT THIRTEEN,Base 13,⑬,⑬,U+246c,⑬,,
U+246d,63,63,CIRCLED DIGIT FOURTEEN,Base 14,⑭,⑭,U+246d,⑭,,
U+246e,64,64,CIRCLED DIGIT FIFTEEN,Base 15,⑮,⑮,U+246e,⑮,,
U+246f,65,65,CIRCLED DIGIT SIXTEEN,Base 16,⑯,⑯,U+246f,⑯,,
U+247d,58,58,NUMBER TEN FULL STOP ,exponent mark,⑽,⑽,U+247d,⑽,,
U+2482,66,69,PARENTHESIZED NUMBER FIFTEEN,Superscript a,⒂,⒂,U+0041,A,,
U+2483,92,95,PARENTHESIZED NUMBER SIXTEEN,Superscript b,⒃,⒃,U+0042,B,,
U+2484,98,101,PARENTHESIZED NUMBER SEVENTEEN,Superscript c,⒄,⒄,U+0043,C,,
U+2485,113,116,PARENTHESIZED NUMBER EIGHTEEN,Superscript d,⒅,⒅,U+0044,D,,
U+2486,126,129,PARENTHESIZED NUMBER NINETEEN,Superscript e,⒆,⒆,U+0045,E,,
U+2487,152,155,PARENTHESIZED NUMBER TWENTY,Superscript f,⒇,⒇,U+0046,F,,
U+2488,161,164,DIGIT ONE FULL STOP,Superscript g,⒈,⒈,U+0047,G,,
U+2489,171,175,DIGIT TWO FULL STOP,Superscript h,⒉,⒉,U+0048,H,,
U+248a,181,184,DIGIT THREE FULL STOP,Superscript i,⒊,⒊,U+0049,I,,
U+248b,205,208,DIGIT FOUR FULL STOP,Superscript j,⒋,⒋,U+004a,J,,
U+248c,213,216,DIGIT FIVE FULL STOP,Superscript k,⒌,⒌,U+004b,K,,
U+248d,220,223,DIGIT SIX FULL STOP,Superscript l,⒍,⒍,U+004c,L,,
U+248e,233,236,DIGIT SEVEN FULL STOP,Superscript m,⒎,⒎,U+004d,M,,
U+248f,239,242,DIGIT EIGHT FULL STOP,Superscript n,⒏,⒏,U+004e,N,,
U+2490,253,256,DIGIT NINE FULL STOP,Superscript o,⒐,⒐,U+004f,O,,
U+2491,278,281,NUMBER TEN FULL STOP,Superscript p,⒑,⒑,U+0050,P,,
U+2492,284,287,NUMBER ELEVEN FULL STOP,Superscript q,⒒,⒒,U+0051,Q,,
U+2493,291,294,NUMBER TWELVE FULL STOP,Superscript r,⒓,⒓,U+0052,R,,
U+2494,303,306,NUMBER THIRTEEN FULL STOP,Superscript s,⒔,⒔,U+0053,S,,
U+2495,316,321,NUMBER FOURTEEN FULL STOP,Superscript t,⒕,⒕,U+0054,T,,
U+2496,330,333,NUMBER FIFTEEN FULL STOP,Superscript u,⒖,⒖,U+0055,U,,
U+2497,356,359,NUMBER SIXTEEN FULL STOP,Superscript v,⒗,⒗,U+0056,V,,
U+2498,364,367,NUMBER SEVENTEEN FULL STOP,Superscript w,⒘,⒘,U+0057,W,,
U+2499,373,376,NUMBER EIGHTEEN FULL STOP,Superscript x,⒙,⒙,U+0058,X,,
U+249a,384,387,NUMBER NINETEEN FULL STOP,Superscript y,⒚,⒚,U+0059,Y,,
U+249b,399,402,NUMBER TWENTY FULL STOP,Superscript z,⒛,⒛,U+005a,Z,,
U+249c,66,71,PARENTHESIZED LATIN SMALL LETTER A,Subscript a,⒜,⒜,U+0041,A,,
U+249d,92,97,PARENTHESIZED LATIN SMALL LETTER B,Subscript b,⒝,⒝,U+0042,B,,
U+249e,98,103,PARENTHESIZED LATIN SMALL LETTER C,Subscript c,⒞,⒞,U+0043,C,,
U+249f,113,118,PARENTHESIZED LATIN SMALL LETTER D,Subscript d,⒟,⒟,U+0044,D,,
U+24a0,126,131,PARENTHESIZED LATIN SMALL LETTER E,Subscript e,⒠,⒠,U+0045,E,,
U+24a1,152,158,PARENTHESIZED LATIN SMALL LETTER F,Subscript f,⒡,⒡,U+0046,F,,
U+24a2,161,167,PARENTHESIZED LATIN SMALL LETTER G,Subscript g,⒢,⒢,U+0047,G,,
U+24a3,171,178,PARENTHESIZED LATIN SMALL LETTER H,Subscript h,⒣,⒣,U+0048,H,,
U+24a4,181,186,PARENTHESIZED LATIN SMALL LETTER I,Subscript i,⒤,⒤,U+0049,I,,
U+24a5,205,210,PARENTHESIZED LATIN SMALL LETTER J,Subscript j,⒥,⒥,U+004a,J,,
U+24a6,213,218,PARENTHESIZED LATIN SMALL LETTER K,Subscript k,⒦,⒦,U+004b,K,,
U+24a7,220,225,PARENTHESIZED LATIN SMALL LETTER L,Subscript l,⒧,⒧,U+004c,L,,
U+24a8,233,238,PARENTHESIZED LATIN SMALL LETTER M,Subscript m,⒨,⒨,U+004d,M,,
U+24a9,239,244,PARENTHESIZED LATIN SMALL LETTER N,Subscript n,⒩,⒩,U+004e,N,,
U+24aa,253,259,PARENTHESIZED LATIN SMALL LETTER O,Subscript o,⒪,⒪,U+004f,O,,
U+24ab,278,283,PARENTHESIZED LATIN SMALL LETTER P,Subscript p,⒫,⒫,U+0050,P,,
U+24ac,284,289,PARENTHESIZED LATIN SMALL LETTER Q,Subscript q,⒬,⒬,U+0051,Q,,
U+24ad,291,297,PARENTHESIZED LATIN SMALL LETTER R,Subscript r,⒭,⒭,U+0052,R,,
U+24ae,303,308,PARENTHESIZED LATIN SMALL LETTER S,Subscript s,⒮,⒮,U+0053,S,,
U+24af,316,323,PARENTHESIZED LATIN SMALL LETTER T,Subscript t,⒯,⒯,U+0054,T,,
U+24b0,330,335,PARENTHESIZED LATIN SMALL LETTER U,Subscript u,⒰,⒰,U+0055,U,,
U+24b1,356,361,PARENTHESIZED LATIN SMALL LETTER V,Subscript v,⒱,⒱,U+0056,V,,
U+24b2,364,369,PARENTHESIZED LATIN SMALL LETTER W,Subscript w,⒲,⒲,U+0057,W,,
U+24b3,373,379,PARENTHESIZED LATIN SMALL LETTER X,Subscript x,⒳,⒳,U+0058,X,,
U+24b4,384,389,PARENTHESIZED LATIN SMALL LETTER Y,Subscript y,⒴,⒴,U+0059,Y,,
U+24b5,399,404,PARENTHESIZED LATIN SMALL LETTER Z,Subscript z,⒵,⒵,U+005a,Z,,
U+24b6,66,68,CIRCLED LATIN CAPITAL LETTER A,Superscript A,Ⓐ,Ⓐ,U+0041,A,,
U+24b7,92,94,CIRCLED LATIN CAPITAL LETTER B,Superscript B,Ⓑ,Ⓑ,U+0042,B,,
U+24b8,98,100,CIRCLED LATIN CAPITAL LETTER C,Superscript C,Ⓒ,Ⓒ,U+0043,C,,
U+24b9,113,115,CIRCLED LATIN CAPITAL LETTER D,Superscript D,Ⓓ,Ⓓ,U+0044,D,,
U+24ba,126,128,CIRCLED LATIN CAPITAL LETTER E,Superscript E,Ⓔ,Ⓔ,U+0045,E,,
U+24bb,152,154,CIRCLED LATIN CAPITAL LETTER F,Superscript F,Ⓕ,Ⓕ,U+0046,F,,
U+24bc,161,163,CIRCLED LATIN CAPITAL LETTER G,Superscript G,Ⓖ,Ⓖ,U+0047,G,,
U+24bd,171,174,CIRCLED LATIN CAPITAL LETTER H,Superscript H,Ⓗ,Ⓗ,U+0048,H,,
U+24be,181,183,CIRCLED LATIN CAPITAL LETTER I,Superscript I,Ⓘ,Ⓘ,U+0049,I,,
U+24bf,205,207,CIRCLED LATIN CAPITAL LETTER J,Superscript J,Ⓙ,Ⓙ,U+004a,J,,
U+24c0,213,215,CIRCLED LATIN CAPITAL LETTER K,Superscript K,Ⓚ,Ⓚ,U+004b,K,,
U+24c1,220,222,CIRCLED LATIN CAPITAL LETTER L,Superscript L,Ⓛ,Ⓛ,U+004c,L,,
U+24c2,233,235,CIRCLED LATIN CAPITAL LETTER M,Superscript M,Ⓜ,Ⓜ,U+004d,M,,
U+24c3,239,241,CIRCLED LATIN CAPITAL LETTER N,Superscript N,Ⓝ,Ⓝ,U+004e,N,,
U+24c4,253,255,CIRCLED LATIN CAPITAL LETTER O,Superscript O,Ⓞ,Ⓞ,U+004f,O,,
U+24c5,278,280,CIRCLED LATIN CAPITAL LETTER P,Superscript P,Ⓟ,Ⓟ,U+0050,P,,
U+24c6,284,286,CIRCLED LATIN CAPITAL LETTER Q,Superscript Q,Ⓠ,Ⓠ,U+0051,Q,,
U+24c7,291,293,CIRCLED LATIN CAPITAL LETTER R,Superscript R,Ⓡ,Ⓡ,U+0052,R,,
U+24c8,303,305,CIRCLED LATIN CAPITAL LETTER S,Superscript S,Ⓢ,Ⓢ,U+0053,S,,
U+24c9,316,318,CIRCLED LATIN CAPITAL LETTER T,Superscript T,Ⓣ,Ⓣ,U+0054,T,,
U+24ca,330,332,CIRCLED LATIN CAPITAL LETTER U,Superscript U,Ⓤ,Ⓤ,U+0055,U,,
U+24cb,356,358,CIRCLED LATIN CAPITAL LETTER V,Superscript V,Ⓥ,Ⓥ,U+0056,V,,
U+24cc,364,366,CIRCLED LATIN CAPITAL LETTER W,Superscript W,Ⓦ,Ⓦ,U+0057,W,,
U+24cd,373,375,CIRCLED LATIN CAPITAL LETTER X,Superscript X,Ⓧ,Ⓧ,U+0058,X,,
U+24ce,384,386,CIRCLED LATIN CAPITAL LETTER Y,Superscript Y,Ⓨ,Ⓨ,U+0059,Y,,
U+24cf,399,401,CIRCLED LATIN CAPITAL LETTER Z,Superscript Z,Ⓩ,Ⓩ,U+005a,Z,,
U+24d0,66,70,CIRCLED LATIN SMALL LETTER A,Subscript A,ⓐ,ⓐ,U+0041,A,,
U+24d1,92,96,CIRCLED LATIN SMALL LETTER B,Subscript B,ⓑ,ⓑ,U+0042,B,,
U+24d2,98,102,CIRCLED LATIN SMALL LETTER C,Subscript C,ⓒ,ⓒ,U+0043,C,,
U+24d3,113,117,CIRCLED LATIN SMALL LETTER D,Subscript D,ⓓ,ⓓ,U+0044,D,,
U+24d4,126,130,CIRCLED LATIN SMALL LETTER E,Subscript E,ⓔ,ⓔ,U+0045,E,,
U+24d5,152,157,CIRCLED LATIN SMALL LETTER F,Subscript F,ⓕ,ⓕ,U+0046,F,,
U+24d6,161,166,CIRCLED LATIN SMALL LETTER G,Subscript G,ⓖ,ⓖ,U+0047,G,,
U+24d7,171,177,CIRCLED LATIN SMALL LETTER H,Subscript H,ⓗ,ⓗ,U+0048,H,,
U+24d8,181,185,CIRCLED LATIN SMALL LETTER I,Subscript I,ⓘ,ⓘ,U+0049,I,,
U+24d9,205,209,CIRCLED LATIN SMALL LETTER J,Subscript J,ⓙ,ⓙ,U+004a,J,,
U+24da,213,217,CIRCLED LATIN SMALL LETTER K,Subscript K,ⓚ,ⓚ,U+004b,K,,
U+24db,220,224,CIRCLED LATIN SMALL LETTER L,Subscript L,ⓛ,ⓛ,U+004c,L,,
U+24dc,233,237,CIRCLED LATIN SMALL LETTER M,Subscript M,ⓜ,ⓜ,U+004d,M,,
U+24dd,239,243,CIRCLED LATIN SMALL LETTER N,Subscript N,ⓝ,ⓝ,U+004e,N,,
U+24de,253,258,CIRCLED LATIN SMALL LETTER O,Subscript O,ⓞ,ⓞ,U+004f,O,,
U+24df,278,282,CIRCLED LATIN SMALL LETTER P,Subscript P,ⓟ,ⓟ,U+0050,P,,
U+24e0,284,288,CIRCLED LATIN SMALL LETTER Q,Subscript Q,ⓠ,ⓠ,U+0051,Q,,
U+24e1,291,296,CIRCLED LATIN SMALL LETTER R,Subscript R,ⓡ,ⓡ,U+0052,R,,
U+24e2,303,307,CIRCLED LATIN SMALL LETTER S,Subscript S,ⓢ,ⓢ,U+0053,S,,
U+24e3,316,322,CIRCLED LATIN SMALL LETTER T,Subscript T,ⓣ,ⓣ,U+0054,T,,
U+24e4,330,334,CIRCLED LATIN SMALL LETTER U,Subscript U,ⓤ,ⓤ,U+0055,U,,
U+24e5,356,360,CIRCLED LATIN SMALL LETTER V,Subscript V,ⓥ,ⓥ,U+0056,V,,
U+24e6,364,368,CIRCLED LATIN SMALL LETTER W,Subscript W,ⓦ,ⓦ,U+0057,W,,
U+24e7,373,378,CIRCLED LATIN SMALL LETTER X,Subscript X,ⓧ,ⓧ,U+0058,X,,
U+24e8,384,388,CIRCLED LATIN SMALL LETTER Y,Subscript Y,ⓨ,ⓨ,U+0059,Y,,
U+24e9,399,403,CIRCLED LATIN SMALL LETTER Z,Subscript Z,ⓩ,ⓩ,U+005a,Z,,
U+24EA,11,17,CIRCLED DIGIT ZERO ,Base 0,⓪,⓪,U+0030,0,,
U+25a2,640,652,WHITE SQUARE WITH ROUNDED CORNERS,Box,▢,▢,U+2399,⎙,,
U+25a6,640,653,SQUARE WITH ORTHOGONAL CROSSHATCH FILL,Filled box,▦,▦,U+2399,⎙,,
U+267A,640,650,RECYCLING SYMBOL FOR GENERIC MATERIALS,Cyclic,♺,♺,U+2399,⎙,,
U+267B,98,112,BLACK UNIVERSAL RECYCLING SYMBOL,Caps lock,♻,♻,U+0043,C,,
U+267e,239,252,PERMANENT PAPER SIGN,Num lock,♾,♾,U+004e,N,,
U+2713,676,676,CHECK MARK,Check mark,✓,✓,U+2713,✓,,
U+2788,528,530,CIRCLED DIGIT 9,Wide comma,➈,➈,U+002c,",",,
U+2789,531,534,CIRCLED NUMBER 10,Wide period,➉,➉,U+002e,.,,
U+29d6,640,642,WHITE HOURGLASS,Hourglass,⧖,⧖,U+2399,⎙,,
U+29f0,384,398,ERROR BARRED WHITE DIAMOND,yx,⧰,⧰,U+0059,Y,,
U+29f1,152,160,ERROR BARRED BLACK DIAMOND,fg,⧱,⧱,U+0046,F,,
U+2b60,567,569,LEFTWARDS TRIANGLE HEADED ARROW,Left block arrow,⭠,⭠,U+2190,←,,
U+2b61,572,574,UPWARDS TRIANGLE HEADED ARROW,Up block arrow,⭡,⭡,U+2191,↑,,
U+2b62,562,565,RIGHTWARDS TRIANGLE HEADED ARROW,Right block arrow,⭢,⭢,U+2192,→,,
U+2b63,578,580,DOWNWARDS TRIANGLE HEADED ARROW,Down block arrow,⭣,⭣,U+2193,↓,,
U+2c64,459,462,LATIN CAPITAL LETTER R WITH TAIL,Subscript pi,Ɽ,Ɽ,U+03a0,Π,,
U+2c65,459,463,LATIN SMALL LETTER A WITH STROKE,Superscript pi,ⱥ,ⱥ,U+03a0,Π,,
U+2c66,459,464,LATIN SMALL LETTER T WITH STROKE,Superscript pi r,ⱦ,ⱦ,U+03a0,Π,,
U+2c6f,657,657,LATIN CAPITAL LETTER A TURNED,For all,Ɐ,Ɐ,U+2c6f,Ɐ,,
U+ffff,9999,9999,NOTHING,Nothing,,,,,,



,,,,,,,,,,
,,,,,,,,,,




,,,,,,,,,,
,,,,,,,,,,
,,,,,,,,,,
,,,,,,,,,,
,,,,,,,,,,
,,,,,,,,,,
,,,,,,,,,,
,,,,,,,,,,
,,,,,,,,,,
,,,,,,,,,,
,,,,,,,,,,
,,,,,,,,,,
,,,,,,,,,,
,,,,,,,,,,
,,,,,,,,,,
,,,,,,,,,,
,,,,,,,,,,
,,,,,,,,,,
,,,,,,,,,,
,,,,,,,,,,
,,,,,,,,,,
